w_xgb,w_lstm,w_cnn,AUC_pooled,ACC@0.50,Prec@0.50,Rec@0.50,F1@0.50,n
0.87,0.08,0.05,0.553016,0.686895,0.497128,0.049788,0.090511,205522
